peptide,ba,mhc_type,Label,mhc
TIPLVALTLTSYLGLK,0.698876,DRB1_1301,1,QEFFIASGAAVDAIMESSFDYFDIDEATYHVVFT
LSEEKVPWDQVVMTS,0.316406,DRB3_0301,0,QEFFIASGAAVDAIMELSFEYYVLQKQNYHVVFT
EAIIRILQQLLFIHFRIGCQHSR,0.455671,DRB1_0401,1,QEFFIASGAAVDAIMEVHFDYYDLQKATYHVGFT
TILKALGPAATLEEMMTA,0.709368,DRB1_0101,1,QEFFIASGAAVDAIMWLFLECYDLQRATYHVGFT
GEEQIVDKIDAAFKI,0.57979,DRB1_1201,1,QEFFIASGAAVDAIMESGLEHFVIDRATYHAVFT
VPEKYTIGATYAPEE,0.497377,DRB1_0101,1,QEFFIASGAAVDAIMWLFLECYDLQRATYHVGFT
TATSASAGWDTVLQS,0.588375,HLA-DQA10102-DQB10602,1,CNYHQGGGARVAHIMFFGLTYYDVGTETVHVAGI
WCYYAAAQKEVSGVK,0.571643,HLA-DQA10501-DQB10302,1,YNYHQRXFATVLHSLYFGLTYYAVRTETVHLETT
YEVAIFVHGPTTVES,0.338353,DRB5_0101,0,QEFFIASGAAVDAIMQDYFHDYDFDRATYHVGFT
GELQIADKIDAAFKI,0.573647,DRB1_0101,1,QEFFIASGAAVDAIMWLFLECYDLQRATYHVGFT
VAPIEHIASMRRNYF,0.176118,DRB1_0901,0,QEFFIASGAAVDAIMKDFYHGYVFRRETVHVGFT
KIEIDQDHQEEICEV,0.184049,DRB1_1501,0,QEFFIASGAAVDAIMWPRFDYFDIQAATYHVVFT
SSILTDSQTATKRIR,0.149948,DRB1_0401,0,QEFFIASGAAVDAIMEVHFDYYDLQKATYHVGFT
VQNTVEDLKLNTLGR,0.262297,DRB1_1501,0,QEFFIASGAAVDAIMWPRFDYFDIQAATYHVVFT
VDGNPTVDIEEAPEM,0.0,DRB1_0801,0,QEFFIASGAAVDAIMESGFDYYSFDRLTYHVGFT
DEARRMWASAQNISG,0.502228,HLA-DPA10201-DPB10101,1,YAFFQFSGGAILNTLYGQFEYFAIEKVRVHLDVT
LSPISNMVSMANNHM,0.393732,DRB1_0901,0,QEFFIASGAAVDAIMKDFYHGYVFRRETVHVGFT
QNAINRITNKVNSVIKKM,0.223169,DRB1_0701,0,QEFFIASGAAVDAIMWGYFELYVIDRQTVHVGFT
AEIGSAISTANGAAA,0.183379,HLA-DQA10301-DQB10302,0,YNYHERRFATVLHIVYFGLTYYAVRTETVHLETT
TEYQKTKLNDWDFVV,0.0,DRB1_1501,0,QEFFIASGAAVDAIMWPRFDYFDIQAATYHVVFT